{"super_version":"0.5.1","now":"2019-04-19T01:09:56.559255900+05:30","now_rfc2822":"Fri, 19 Apr 2019 01:09:56 +0530","now_rfc3339":"2019-04-19T01:09:56.559255900+05:30","app_package":"","app_version":"","app_version_number":0,"app_fingerprint":{"md5":"307d8f5b57c15978c2abcb854cf9990a","sha1":"c22007298e541deb8b1b051bc1780d32ccf525f7","sha256":"6218de21f7f25ee90c469b59675aed7871f45f20809b302a3119c375c39d0c6c"},"app_min_sdk_number":0,"app_min_sdk_name":"Unknown","total_vulnerabilities":18,"criticals":[],"criticals_len":0,"highs":[{"criticality":"high","name":"System command execution","description":"The application could execute system command.","file":"classes\\X\\01E.java","language":"java","line":130,"code":"            paramContext.add(\"-b\");\n            paramContext.add(paramString1);\n          }\n          paramContext.addAll(Arrays.asList(new String[] { \"-t\", \"200\", \"-v\", \"threadtime\" }));\n          param004 = Runtime.getRuntime().exec((String[])paramContext.toArray(new String[paramContext.size()]));\n          paramContext = new java/io/BufferedReader;\n          paramString1 = new java/io/InputStreamReader;\n          paramString1.<init>(param004.getInputStream());\n          paramContext.<init>(paramString1);\n"},{"criticality":"high","name":"Weak Algorithms","description":"Using weak algorithms allows an attacker to break the cyphered communications gaining access to plain text content.","file":"classes\\X\\00R.java","language":"java","line":22,"code":"    try\n    {\n      Object localObject1 = new java/io/File;\n      ((File)localObject1).<init>(paramString);\n      MessageDigest localMessageDigest = MessageDigest.getInstance(\"MD5\");\n      FileInputStream localFileInputStream = new java/io/FileInputStream;\n      localFileInputStream.<init>((File)localObject1);\n      localObject1 = null;\n      paramString = (String)localObject1;\n"}],"highs_len":2,"mediums":[],"mediums_len":0,"lows":[{"criticality":"low","name":"Generic Exception in catch","description":"Exception catching should be specific. Generic Exception type could not be safe and lead to silent error suppresion","file":"classes\\X\\00D.java","language":"java","line":233,"code":"          break label246;\n        }\n      }\n    }\n    catch (Exception localException)\n    {\n      for (;;) {}\n    }\n  }\n"},{"criticality":"low","name":"Generic Exception in catch","description":"Exception catching should be specific. Generic Exception type could not be safe and lead to silent error suppresion","file":"classes\\X\\00K.java","language":"java","line":36,"code":"      localField.setAccessible(true);\n      I = (ClassLoader)H.get(G);\n      return;\n    }\n    catch (Exception localException)\n    {\n      throw new RuntimeException(localException);\n    }\n  }\n"},{"criticality":"low","name":"Generic Exception in catch","description":"Exception catching should be specific. Generic Exception type could not be safe and lead to silent error suppresion","file":"classes\\X\\011.java","language":"java","line":28,"code":"      try\n      {\n        return (InputStream)Class.forName(\"com.facebook.zstd.ZstdInputStream\").getConstructor(new Class[] { InputStream.class }).newInstance(new Object[] { paramInputStream });\n      }\n      catch (Exception paramInputStream)\n      {\n        throw new IllegalArgumentException(paramInputStream);\n      }\n    }\n"},{"criticality":"low","name":"Generic Exception in catch","description":"Exception catching should be specific. Generic Exception type could not be safe and lead to silent error suppresion","file":"classes\\com\\facebook\\lite\\ClientApplicationSplittedShell.java","language":"java","line":22,"code":"      try\n      {\n        001 local001 = (001)Class.forName(\"com.facebook.lite.ClientApplication\").getConstructor(new Class[] { Application.class }).newInstance(new Object[] { this });\n      }\n      catch (Exception localException)\n      {\n        throw new RuntimeException(localException);\n      }\n      B = localException;\n"},{"criticality":"low","name":"Unchecked output in Logs","description":"Sensitive information should never be logged since it can lead to that information being disclosed.","file":"classes\\X\\00D.java","language":"java","line":144,"code":"  }\n  \n  private static void E(Throwable paramThrowable)\n  {\n    Log.e(E, \"Error during exception handling\", paramThrowable);\n  }\n  \n  public final void uncaughtException(Thread paramThread, Throwable paramThrowable)\n  {\n"},{"criticality":"low","name":"Unchecked output in Logs","description":"Sensitive information should never be logged since it can lead to that information being disclosed.","file":"classes\\X\\00D.java","language":"java","line":190,"code":"                localObject2 = E;\n                paramThread = new java/lang/StringBuilder;\n                paramThread.<init>(\"Exit: \");\n                paramThread.append(paramThrowable.getMessage());\n                Log.w((String)localObject2, paramThread.toString());\n              }\n              else\n              {\n                C.uncaughtException(paramThread, paramThrowable);\n"},{"criticality":"low","name":"Unchecked output in Logs","description":"Sensitive information should never be logged since it can lead to that information being disclosed.","file":"classes\\X\\00D.java","language":"java","line":217,"code":"              paramThread = E;\n              localStringBuilder = new java/lang/StringBuilder;\n              localStringBuilder.<init>(\"Exit: \");\n              localStringBuilder.append(paramThrowable.getMessage());\n              Log.w(paramThread, localStringBuilder.toString());\n            }\n            else\n            {\n              C.uncaughtException(paramThread, paramThrowable);\n"},{"criticality":"low","name":"Unchecked output in Logs","description":"Sensitive information should never be logged since it can lead to that information being disclosed.","file":"classes\\X\\00G.java","language":"java","line":13,"code":"  private int B;\n  \n  public final void FG(String paramString1, String paramString2)\n  {\n    Log.e(paramString1, paramString2);\n  }\n  \n  public final void GG(String paramString1, String paramString2, Throwable paramThrowable)\n  {\n"},{"criticality":"low","name":"Unchecked output in Logs","description":"Sensitive information should never be logged since it can lead to that information being disclosed.","file":"classes\\X\\00G.java","language":"java","line":18,"code":"  }\n  \n  public final void GG(String paramString1, String paramString2, Throwable paramThrowable)\n  {\n    Log.e(paramString1, paramString2, paramThrowable);\n  }\n  \n  public final void Kc(String paramString1, String paramString2)\n  {\n"},{"criticality":"low","name":"Unchecked output in Logs","description":"Sensitive information should never be logged since it can lead to that information being disclosed.","file":"classes\\X\\00G.java","language":"java","line":23,"code":"  }\n  \n  public final void Kc(String paramString1, String paramString2)\n  {\n    Log.e(paramString1, paramString2);\n  }\n  \n  public final void Lc(String paramString1, String paramString2, Throwable paramThrowable)\n  {\n"},{"criticality":"low","name":"Unchecked output in Logs","description":"Sensitive information should never be logged since it can lead to that information being disclosed.","file":"classes\\X\\00G.java","language":"java","line":28,"code":"  }\n  \n  public final void Lc(String paramString1, String paramString2, Throwable paramThrowable)\n  {\n    Log.e(paramString1, paramString2, paramThrowable);\n  }\n  \n  public final void SQ(String paramString1, String paramString2)\n  {\n"},{"criticality":"low","name":"Unchecked output in Logs","description":"Sensitive information should never be logged since it can lead to that information being disclosed.","file":"classes\\X\\00G.java","language":"java","line":48,"code":"  }\n  \n  public final void ub(String paramString1, String paramString2)\n  {\n    Log.w(paramString1, paramString2);\n  }\n  \n  public final void vb(String paramString1, String paramString2, Throwable paramThrowable)\n  {\n"},{"criticality":"low","name":"Unchecked output in Logs","description":"Sensitive information should never be logged since it can lead to that information being disclosed.","file":"classes\\X\\00G.java","language":"java","line":53,"code":"  }\n  \n  public final void vb(String paramString1, String paramString2, Throwable paramThrowable)\n  {\n    Log.w(paramString1, paramString2, paramThrowable);\n  }\n}\n\n/* Location:\n"},{"criticality":"low","name":"Unchecked output in Logs","description":"Sensitive information should never be logged since it can lead to that information being disclosed.","file":"classes\\X\\013.java","language":"java","line":29,"code":"        }\n      }\n      catch (Throwable localThrowable)\n      {\n        Log.w(00B.B, \"Exception thrown during raw stack trace handling\", localThrowable);\n        localObject4 = localObject1;\n      }\n      localObject1 = paramThrowable;\n      if (localObject4 != null) {\n"},{"criticality":"low","name":"Unchecked output in Logs","description":"Sensitive information should never be logged since it can lead to that information being disclosed.","file":"classes\\X\\02B.java","language":"java","line":63,"code":"      if (Log.isLoggable(str, 5))\n      {\n        paramVarArgs = new StringBuilder(\"Warning! Could not get access to JNI method - \");\n        paramVarArgs.append(paramString);\n        Log.w(str, paramVarArgs.toString(), localNoSuchMethodException);\n      }\n    }\n    return null;\n  }\n"},{"criticality":"low","name":"Unchecked output in Logs","description":"Sensitive information should never be logged since it can lead to that information being disclosed.","file":"classes\\X\\02B.java","language":"java","line":95,"code":"      StringBuilder localStringBuilder = new StringBuilder(\"Error (InvocationTargetException - \");\n      paramMethod = paramVarArgs.getLocalizedMessage();\n      localStringBuilder.append(paramMethod);\n      localStringBuilder.append(\")\");\n      Log.e(B, localStringBuilder.toString(), paramVarArgs);\n    }\n    label93:\n    return Boolean.FALSE;\n  }\n"}],"lows_len":16,"warnings":[{"criticality":"warning","name":"Base64 Encode","description":"This application is using Base64 encoding. This is not a secure method to encode data.","file":"classes\\X\\006.java","language":"java","line":112,"code":"      localGZIPOutputStream.write(paramArrayOfByte, 0, paramArrayOfByte.length);\n      localObject2 = localObject1;\n      localGZIPOutputStream.finish();\n      localObject2 = localObject1;\n      paramArrayOfByte = Base64.encodeToString(localByteArrayOutputStream.toByteArray(), 0);\n      localGZIPOutputStream.close();\n      return paramArrayOfByte;\n    }\n    catch (Throwable paramArrayOfByte)\n"},{"criticality":"warning","name":"URL Disclosure","description":"The decompilation of the source code could lead to the disclosure of private URLs.","file":"classes\\X\\003.java","language":"java","line":23,"code":"  }\n  \n  public static Uri B(String paramString)\n  {\n    return Uri.parse(\"https://www.facebook.com/mobile/generic_android_crash_logs/\").buildUpon().appendPath(paramString).build();\n  }\n  \n  public final boolean A()\n  {\n"},{"criticality":"warning","name":"URL Disclosure","description":"The decompilation of the source code could lead to the disclosure of private URLs.","file":"classes\\X\\00Q.java","language":"java","line":579,"code":"    J.readLock().lock();\n    try\n    {\n      if (I == null) {\n        if (\"http://www.android.com/\".equals(System.getProperty(\"java.vendor.url\"))) {\n          F();\n        } else {\n          try\n          {\n"}],"warnings_len":3}